square_footage,bedrooms,bathrooms,house_age_years,location_score,price
2133,3,4.0,12,5,468400
1736,3,3.5,48,4,381200
1682,2,3.0,36,4,341400
1682,3,3.5,42,3,292000
2980,5,5.0,38,6,552900
2324,4,5.0,41,9,513500
1555,3,4.0,16,8,436300
2165,4,4.5,14,7,484900
1966,3,4.0,17,7,496700
956,1,1.5,22,5,291400
1295,2,2.5,53,2,296700
2012,2,3.5,50,5,376500
2880,6,5.0,29,4,561400
1687,2,3.0,57,6,354000
1517,2,2.5,33,8,389700
1884,3,3.5,57,9,428400
1488,2,2.5,3,6,393700
1650,4,4.0,2,2,337300
1809,2,3.0,6,6,357400
1276,2,2.0,55,6,356500
2365,3,4.0,17,7,513400
1207,1,1.5,41,5,248600
1164,1,1.5,6,6,298600
1937,3,4.0,39,4,380500
2303,3,4.0,5,5,471000
1921,2,3.5,21,7,453100
1749,2,3.5,57,1,320500
1645,2,2.5,0,5,374700
1560,1,1.5,3,7,366800
2544,4,4.5,45,9,580700
2018,3,3.5,48,5,361000
1600,1,2.0,51,8,349800
1451,2,2.5,49,9,356200
2213,3,3.5,42,5,460700
2523,4,5.0,28,4,472300
2446,4,5.0,20,5,468400
1374,1,2.0,25,5,323100
1641,2,2.5,13,8,383700
1550,2,2.5,8,4,329200
1709,3,3.5,58,9,486600
2357,4,5.0,46,4,481500
2787,3,4.0,11,3,490700
2043,3,4.0,41,7,448600
1466,2,2.0,50,8,383600
1795,3,3.5,55,6,410500
2967,4,5.0,50,6,564900
1869,4,4.5,5,9,495400
1646,2,4.0,19,8,385000
1690,2,3.0,23,6,341000
2040,2,3.0,26,5,404400
1388,1,2.0,37,8,334200
1539,1,1.5,7,7,376800
2434,4,5.0,0,6,529000
2021,3,3.5,53,5,387700
1875,2,3.5,48,5,388100
2475,4,5.0,48,5,479500
1439,2,2.5,23,5,383800
1630,2,2.5,46,4,338300
2000,4,5.0,6,6,430000
1978,3,4.0,18,4,455900
1130,1,2.5,21,6,287300
1581,2,3.0,56,1,254400
1723,1,2.5,54,4,381400
2071,2,3.5,59,8,455700
1976,3,4.0,34,4,419600
1773,2,2.0,29,7,411600
954,1,1.5,28,4,231300
1801,3,4.0,21,7,418300
1853,2,3.0,10,5,384100
3846,5,5.0,19,5,717200
1705,3,3.5,28,6,401700
2004,3,4.5,50,3,421300
2611,3,5.0,40,7,530400
2313,4,5.0,41,8,500200
2826,4,5.0,33,5,503600
1135,2,2.5,0,7,353400
1305,2,2.0,30,7,379000
1506,2,2.5,29,5,315100
1080,2,3.0,47,3,265900
1858,3,3.5,17,9,431100
1337,1,2.0,54,5,276500
2954,4,5.0,57,4,534700
1400,1,2.5,16,9,339800
1634,2,3.5,37,7,390100
2358,3,5.0,13,6,479500
1203,2,2.5,22,4,304500
1059,1,2.0,24,7,297900
1929,1,2.0,14,10,480000
1977,2,3.5,45,7,420800
2335,3,3.5,55,6,424600
2151,3,4.0,21,7,437400
2001,2,2.5,2,5,362400
1449,3,3.0,55,5,347200
1959,2,3.0,54,5,449000
1998,4,4.5,18,4,437600
1433,2,2.5,56,5,356800
3242,4,5.0,43,5,612900
2118,4,5.0,33,5,441700
1312,1,1.5,34,5,323100
2339,4,5.0,49,6,476200
2471,4,5.0,0,6,517100
2077,2,3.0,51,6,410500
1676,3,3.5,20,9,438100
1414,2,2.5,28,6,358200
1771,3,4.0,5,10,465200
2030,3,4.0,36,6,459800
1824,3,3.5,0,5,431700
2870,5,5.0,50,8,598000
2223,4,4.5,0,5,526300
1365,1,2.0,26,1,280000
1270,3,3.5,20,5,360100
2124,2,3.0,52,5,407500
1688,3,3.5,15,9,454900
2285,4,4.5,43,4,461800
2117,2,3.5,58,5,408400
1774,2,3.5,53,8,405000
1370,1,1.5,39,6,250800
1093,1,2.0,25,5,293600
1948,3,3.0,15,4,422300
1197,2,2.5,27,6,287100
1353,3,3.5,0,5,368500
1910,4,4.0,35,4,386900
1852,2,2.5,9,4,364600
1240,2,2.5,42,4,316600
2564,2,4.0,16,4,448900
2541,3,4.5,56,7,485100
2146,4,4.0,58,7,508600
2145,4,4.0,22,7,477800
2146,2,3.0,6,6,477700
5569,6,5.0,43,5,839800
2464,4,4.0,52,5,436700
2241,3,4.0,6,8,485100
1405,1,1.5,43,2,241100
1680,3,4.0,14,4,341500
3689,5,5.0,33,4,645400
971,1,1.5,45,8,300900
1554,3,3.5,44,5,333000
2569,4,4.5,3,2,452300
1432,2,3.0,13,6,340200
2261,3,4.0,13,5,432700
1844,3,4.0,15,4,323400
1463,2,4.5,6,4,350400
921,1,1.0,31,4,214300
1931,4,5.0,18,7,461500
1395,2,2.5,1,6,327600
1749,2,3.0,9,5,402600
2139,4,5.0,49,3,479800
2397,3,4.0,16,5,455800
1552,3,3.5,36,6,409200
1462,2,3.0,11,6,371100
1191,2,2.0,5,6,321300
2436,4,5.0,21,4,475200
3492,4,5.0,31,1,558500
2524,3,4.0,40,9,568600
2712,3,4.5,19,3,460500
1436,2,3.0,0,2,297400
2098,4,4.5,53,6,482500
2329,5,5.0,46,2,461100
631,1,1.0,52,4,151700
1290,2,3.0,57,7,328700
3027,3,5.0,5,9,647900
1125,1,2.5,18,6,320600
2859,4,5.0,17,5,576000
1122,1,2.0,5,5,298700
1309,2,2.5,44,2,274900
2110,3,4.5,32,5,448800
1859,1,2.0,22,5,408600
1600,3,4.0,22,6,382500
2986,4,5.0,25,9,624000
1200,2,2.5,12,2,238600
1728,4,4.5,6,5,385100
2196,2,3.5,14,2,402600
1991,1,2.5,43,4,347300
1477,2,3.0,26,4,324800
1494,3,4.0,25,3,374200
2385,5,5.0,32,7,564200
2422,3,4.5,14,6,557200
2008,3,3.5,35,7,485400
1378,2,2.5,44,4,359400
1509,2,3.0,54,5,342000
1804,4,5.0,26,9,457900
1888,2,3.5,56,5,356600
2168,3,4.0,4,7,520100
1700,3,3.5,1,4,380800
2367,4,4.5,54,7,501200
2358,3,4.0,57,4,422700
2744,4,5.0,32,2,474600
1829,2,3.0,15,5,398600
2018,3,4.0,22,5,401800
1741,2,3.0,37,2,328800
1383,2,3.0,54,6,368700
3462,5,5.0,15,4,564600
2624,4,5.0,13,10,561800
2342,3,3.0,28,3,438900
1809,3,3.5,25,3,399700
1347,2,2.0,34,7,327400
2480,2,4.0,14,5,429600
1731,3,4.0,2,7,469500
2077,2,3.5,22,6,416000
1507,2,3.5,28,4,325800
1968,2,3.0,33,3,374600
1536,3,4.0,32,8,393700
1554,1,2.5,40,3,277600
1959,5,5.0,40,7,448600
1118,2,3.0,22,7,376600
1133,2,2.0,6,5,327000
1431,2,2.5,2,5,356100
1693,3,3.5,57,4,296000
2391,4,5.0,31,6,517900
1724,3,3.5,30,1,336000
1806,3,4.0,17,7,403300
1652,2,3.0,42,6,375700
2018,3,4.0,6,5,462400
1379,2,2.5,40,6,345700
1753,2,2.0,0,3,328400
2069,4,5.0,13,1,399100
1954,3,3.0,51,6,427200
1824,1,2.0,31,8,406900
1831,3,3.0,5,2,388600
2134,3,5.0,38,3,426000
3523,5,5.0,9,7,692100
1407,2,2.5,6,6,372400
3560,6,5.0,25,10,696000
1388,3,3.0,33,8,381300
891,1,1.5,29,7,265100
1526,2,3.0,35,4,353700
2030,2,3.5,20,7,458200
3252,4,5.0,59,8,618000
1346,1,2.0,16,5,278500
2130,4,5.0,32,5,416700
1167,2,2.0,9,6,323300
3210,5,5.0,50,4,552300
2641,4,5.0,46,6,542600
1555,3,3.5,41,6,331000
1022,1,1.0,50,8,327500
2785,4,5.0,11,5,562300
1750,3,4.5,55,7,418000
2688,4,5.0,15,5,574100
1820,3,4.0,40,7,449100
1845,3,3.5,31,5,385000
1565,2,2.5,14,7,383700
2221,4,5.0,26,7,451400
1889,3,4.0,27,3,406800
2145,2,3.0,16,8,464000
1086,1,2.0,45,5,215400
2721,3,4.5,58,5,471000
2955,4,4.5,49,4,547900
1887,3,3.5,57,6,444300
3431,4,5.0,1,5,628700
3139,4,5.0,35,6,566600
2236,2,3.5,49,6,406300
2797,4,5.0,6,7,615000
2545,4,5.0,12,10,602600
1007,1,1.0,14,6,265600
1662,3,4.0,24,4,355200
2288,4,4.5,22,1,431400
3024,3,4.5,59,3,522500
1144,1,2.0,21,8,306400
1026,1,1.0,25,7,257100
1784,2,2.5,32,3,311800
908,2,2.0,10,10,332300
1764,2,3.5,9,6,387900
2046,3,3.5,24,6,480000
1328,1,1.0,36,10,348800
1780,3,3.5,47,9,409900
2465,3,4.5,42,7,478000
1524,2,3.5,52,7,365300
1395,2,2.5,37,7,304300
1754,3,3.5,40,5,380000
1286,1,2.5,44,6,276900
3337,3,4.5,23,7,650900
1838,3,3.5,39,5,395000
1440,3,3.5,45,4,379300
1948,4,5.0,55,5,417600
1751,3,3.5,32,4,291800
1689,2,3.0,16,6,423100
1524,3,2.5,23,2,317900
1501,1,1.5,36,6,344500
1093,2,2.5,56,2,204100
2796,4,5.0,1,5,550900
2188,4,5.0,31,7,498700
2010,5,5.0,56,7,462300
1742,3,3.5,59,7,357200
1321,2,2.5,23,6,402200
1413,2,2.5,8,3,327500
1128,1,1.5,3,7,325400
1466,2,3.0,16,3,347800
1266,2,2.5,16,8,376000
3077,4,5.0,52,7,573300
2409,4,5.0,49,8,557800
1863,2,3.5,47,6,419400
1363,3,2.5,29,4,297100
1285,2,3.0,39,3,301500
1706,2,3.0,57,3,317200
2442,3,4.5,10,2,451300
1137,2,3.0,20,7,348400
2179,4,4.5,20,8,541700
1464,1,1.5,17,7,332000
1546,2,2.5,54,5,338600
1846,2,2.5,28,10,503900
1377,1,2.5,23,5,312300
1679,2,2.5,9,6,387900
1342,2,2.5,44,5,360400
1500,3,3.5,16,5,378900
2315,3,3.5,17,7,453500
1877,3,3.5,41,4,360900
2313,4,5.0,47,4,473300
1458,2,2.5,19,7,377000
2184,3,4.0,36,5,445100
1052,1,1.5,44,6,324300
1845,3,3.0,17,5,382500
2232,3,4.0,16,5,455000
1040,1,2.5,8,4,219700
1463,2,2.5,13,4,354100
1845,4,4.5,48,4,373400
2504,4,5.0,28,7,559900
1500,3,3.0,30,6,388800
2156,4,5.0,3,7,562900
2859,4,5.0,17,8,612800
2189,3,4.5,58,5,427800
1699,2,2.5,19,7,406700
2049,3,4.5,55,5,402400
1487,3,4.0,55,5,355900
1869,4,5.0,46,8,458300
1726,2,3.0,42,7,391400
2027,3,4.0,43,5,396300
1585,2,3.5,8,6,391700
2065,3,4.0,12,3,429400
1581,1,1.5,14,6,307400
2401,2,3.0,26,3,404900
1631,2,3.0,14,4,354900
917,1,1.5,27,7,218900
1297,1,2.0,36,1,278100
1828,3,4.5,54,9,437600
3067,4,5.0,18,7,582600
2370,4,5.0,25,2,438700
866,1,1.0,51,10,301900
1106,2,2.5,25,10,347300
2612,4,5.0,24,5,543000
2228,2,3.5,25,4,432900
3643,6,5.0,25,9,696700
1560,2,3.5,45,5,334600
1369,2,3.0,27,6,304900
1860,2,3.5,48,8,395900
1551,1,2.0,17,5,344300
2528,4,5.0,31,5,484200
1534,2,2.5,52,3,344200
1662,2,3.0,2,4,362200
1310,1,2.5,1,5,285900
2317,4,5.0,32,3,420500
1336,1,1.5,41,3,287100
2077,4,5.0,18,6,470300
3253,4,5.0,16,2,579200
1000,2,2.5,43,4,245300
2907,4,5.0,32,9,595800
1990,3,3.0,11,5,446300
1247,1,1.5,48,5,255200
1883,3,3.5,55,5,401700
2294,3,4.0,2,5,466000
1396,1,1.5,42,7,349500
2116,4,5.0,48,7,522400
2992,4,5.0,54,5,539200
1534,2,2.5,25,5,328900
1306,1,1.5,34,8,352400
1743,1,2.5,7,2,296600
1850,3,4.5,51,5,439900
2573,5,5.0,35,6,567400
1725,3,3.5,52,4,332000
1578,2,3.0,53,5,300300
1296,2,2.5,6,4,279500
1042,2,2.5,45,7,274900
1179,2,3.0,45,3,286000
1177,1,1.0,35,8,352500
1668,3,4.0,15,5,409400
1097,2,2.5,23,5,285200
1785,3,3.5,53,3,357300
3226,5,5.0,0,8,635400
2598,4,5.0,48,4,517200
1663,3,3.0,24,3,353400
1255,2,3.0,9,8,387400
3966,5,5.0,53,4,641200
1852,2,3.0,15,5,387500
1938,3,4.0,15,7,470200
1732,4,4.0,57,6,435400
1797,2,3.0,7,9,433900
1517,1,2.0,28,4,329600
1670,3,4.0,38,5,360600
2913,4,4.5,27,5,600000
2695,4,5.0,5,7,557500
906,1,1.5,15,8,313300
1133,1,2.0,19,6,302600
1402,3,3.5,15,5,416900
2450,2,3.5,6,3,449700
2716,3,4.0,40,6,505000
2291,3,4.0,13,4,466400
1245,1,1.5,42,7,324800
1527,2,3.0,25,5,343800
2128,4,4.5,25,5,426500
1678,2,1.5,13,3,310700
1605,2,2.5,6,2,337600
1613,1,1.5,32,9,344900
2625,3,4.0,25,6,508300
2200,3,3.5,56,6,466900
1640,2,3.0,44,4,334500
2020,4,5.0,19,7,534200
1195,2,2.5,2,7,299800
1528,1,2.0,51,4,275800
2537,4,5.0,3,3,432100
1078,2,2.0,25,4,316700
2209,4,4.5,10,5,447500
904,2,2.0,1,6,238300
3085,4,5.0,13,6,580400
1516,2,2.5,43,8,341600
2068,2,3.5,29,4,386500
1886,3,4.0,48,3,370400
1908,3,3.5,11,6,449600
2008,4,4.5,25,2,390100
1023,1,2.0,43,7,288900
1921,3,3.5,32,6,406000
1710,3,4.0,12,5,358400
1519,2,2.5,13,5,300600
1402,3,3.0,23,7,362600
1936,2,2.5,33,7,418900
1311,2,2.5,43,5,295900
2522,5,5.0,25,7,499900
2117,3,4.0,20,7,476100
1975,3,4.5,27,6,482200
2486,3,4.5,47,5,475000
979,1,1.0,35,6,245500
1183,3,3.0,39,3,275900
2148,2,3.0,1,6,421700
1427,3,4.0,41,5,318500
1483,1,1.5,8,5,336200
1134,1,2.0,22,2,261800
1312,2,3.0,14,3,293800
2541,4,5.0,12,5,466600
2131,2,3.0,22,7,460600
1930,3,4.0,16,6,487300
1501,4,5.0,47,7,397500
1891,2,3.0,59,8,415000
2617,4,4.5,1,6,517700
1438,2,2.0,19,6,355100
1796,3,4.0,19,4,371200
3153,5,5.0,58,9,659900
2281,3,4.0,45,3,401800
1508,2,3.0,2,6,380500
2220,4,5.0,54,7,485200
1073,1,2.0,11,7,349100
1773,3,4.0,39,3,370500
2219,2,4.0,1,5,489500
2055,2,3.0,35,4,393800
2212,3,4.0,13,2,406700
2373,4,4.5,15,6,502300
2108,3,4.5,18,4,412700
2088,3,4.5,33,9,510400
1944,3,4.0,43,7,421500
1266,1,2.5,45,6,310200
2540,4,4.5,5,5,534700
1793,3,4.5,12,6,466700
2262,3,4.5,35,5,461000
2452,3,4.5,21,6,523300
1531,2,3.5,17,9,436800
1574,2,2.0,11,3,308800
1641,2,2.5,51,5,395100
2703,5,5.0,58,7,536000
1348,2,3.0,53,5,314500
2864,4,5.0,29,9,642500
1937,2,3.5,52,7,455200
1982,3,4.5,50,4,401200
2415,3,4.5,39,6,513100
1866,2,3.0,6,4,377300
2550,5,5.0,31,4,488300
1531,3,3.0,47,5,314900
2832,4,5.0,18,8,610900
1568,1,2.5,5,7,399400
2870,5,5.0,19,5,545700
1581,2,2.5,26,7,384400
1656,3,3.0,52,6,439000
1299,1,1.5,42,3,284500
1407,3,4.0,36,5,325300
1796,2,2.5,47,5,388100
1961,3,4.0,6,7,436900
2487,4,5.0,58,4,399100
1693,2,2.5,4,4,356600
1248,1,2.0,10,5,340800
2057,3,4.5,14,4,462800
1918,3,4.0,2,5,435600
2130,3,5.0,57,5,422600
1470,3,3.0,4,5,371600
1524,1,2.5,22,7,358200
1470,3,3.5,52,8,373600
2649,4,5.0,36,7,573400
2841,3,5.0,8,2,487800
1503,1,1.5,14,4,337500
1513,2,3.0,2,5,342800
2228,4,4.0,28,2,464800
2952,4,5.0,5,4,512700
3177,6,5.0,16,5,582300
1482,1,2.0,25,5,318500
1598,2,3.5,20,6,330200
1994,2,3.5,7,3,324500
2025,3,4.0,20,5,380600
1714,3,3.5,56,6,376400
1393,2,2.5,10,6,341500
1797,1,2.5,37,6,383500
3175,5,5.0,7,6,612600
1530,2,2.5,41,5,341600
1954,3,4.0,23,6,423700
3915,6,5.0,34,4,688700
1524,1,2.5,54,5,333700
2262,4,5.0,13,3,443800
3224,5,5.0,54,8,643200
2198,2,3.0,13,5,429500
2584,4,5.0,9,8,529500
2363,3,4.5,11,6,518700
2141,3,4.5,37,4,403700
2809,4,5.0,43,6,569900
2239,3,4.0,54,7,476800
1720,2,3.5,45,5,364800
1906,3,4.0,33,6,377300
2048,2,3.0,40,4,426300
1595,2,3.5,9,6,375800
1933,3,4.5,57,6,437300
1844,2,3.0,16,4,372400
2237,4,5.0,16,3,440700
3533,5,5.0,2,8,697800
1970,2,3.0,30,7,429100
2978,4,5.0,50,4,527700
2210,4,4.0,0,6,483800
1931,2,3.5,11,3,389900
1567,2,2.0,38,2,301500
1935,3,4.5,3,8,479800
1897,3,3.5,41,6,428700
1440,2,2.5,12,5,327200
1509,2,2.5,33,6,406200
2053,4,4.5,41,10,549000
2968,5,5.0,20,7,620200
1778,3,2.5,21,3,303300
1118,2,3.0,56,2,253300
870,1,1.5,3,8,290500
1292,1,1.5,17,7,303100
2281,4,4.5,4,7,503700
1183,2,3.0,18,4,273300
2402,4,4.5,1,6,526400
2240,4,4.5,11,4,499700
1758,1,2.5,16,7,416600
1089,2,2.5,9,7,396200
1444,1,1.5,33,4,253900
1678,2,3.0,5,8,408200
2037,3,3.5,7,6,423400
1195,3,3.5,50,6,355100
2861,6,5.0,10,3,535800
2031,3,4.0,56,6,432500
2106,3,4.0,11,4,445100
2235,4,5.0,8,6,459800
2764,5,5.0,1,8,585600
1937,3,3.5,7,6,459900
2282,5,5.0,57,4,441600
1451,2,3.5,10,7,339300
3181,5,5.0,59,6,569700
1894,3,3.5,52,10,460100
1449,2,3.0,35,6,352500
1567,3,3.5,9,4,357800
963,1,1.0,20,7,265200
1564,2,3.5,19,5,384700
808,1,2.5,47,6,248200
2338,4,5.0,7,4,484300
2085,4,4.5,35,5,429700
1316,2,2.0,28,6,361600
1788,4,4.5,41,5,395300
1815,3,4.0,11,4,396200
1233,2,2.5,13,6,353300
1689,2,3.0,47,4,348200
1833,2,3.0,53,3,346800
1675,3,3.0,49,7,342200
1448,3,4.0,20,7,407800
1300,2,3.0,21,3,293900
1656,2,2.5,20,2,328300
1503,1,2.5,43,3,296400
2185,3,4.5,49,5,426700
2823,5,5.0,29,8,616600
2441,4,4.5,38,5,489900
1852,3,3.0,19,4,350500
1465,2,2.5,23,6,383000
2419,3,4.5,22,5,446500
2229,3,5.0,6,3,466000
2754,4,5.0,8,3,550700
1938,3,4.0,0,3,371900
3121,5,5.0,25,10,659000
1938,2,3.5,37,7,421700
1463,1,1.5,37,4,288800
1548,3,4.0,53,8,447000
2151,3,4.0,43,4,391300
1502,2,3.5,21,8,390100
3114,5,5.0,43,6,629800
2093,3,4.0,9,4,420600
1839,3,3.5,54,7,391300
1889,3,3.5,57,6,410800
1669,3,4.0,5,6,429900
1038,1,1.5,16,6,272700
1548,3,3.5,50,6,380600
2975,4,5.0,49,7,545100
1954,3,4.0,37,10,455000
2536,4,4.5,23,8,537800
2560,2,4.0,50,6,501000
1794,3,3.5,9,5,420800
2241,2,3.0,55,5,388900
1070,1,1.0,7,3,258000
2890,3,4.0,20,7,568000
2807,5,5.0,55,3,482400
2131,3,3.5,5,5,410900
1978,4,5.0,20,7,480100
1802,2,3.0,56,5,397500
2635,3,4.5,38,5,501100
2327,3,4.5,23,3,417400
708,2,2.0,32,8,232300
1612,2,3.0,58,4,364700
1249,1,1.5,17,4,303400
1177,2,3.0,55,2,253300
2626,4,5.0,27,5,555600
1789,3,3.0,56,5,377300
2120,4,4.5,51,6,441600
1863,2,3.0,31,3,368900
1182,1,1.5,11,7,296600
1078,1,2.0,47,2,193000
1577,2,2.5,41,5,359000
1619,2,3.5,26,6,400700
1619,2,3.5,9,6,355900
1634,3,3.5,45,6,348700
3447,5,5.0,56,7,629500
2523,4,5.0,51,8,521500
1964,2,3.0,41,5,404100
1774,2,2.5,31,4,354600
1795,2,3.0,41,7,431000
2299,4,5.0,25,5,488300
1769,3,4.0,24,8,426200
2435,2,3.0,10,4,401900
2033,2,3.0,22,4,399400
3458,4,5.0,33,6,587700
1735,2,3.0,56,2,295800
2584,4,5.0,51,5,483500
1284,1,1.5,39,5,272900
1477,1,2.0,22,6,305300
3288,4,5.0,28,4,564400
2400,4,5.0,30,4,503600
2133,3,4.0,6,8,523500
3782,5,5.0,39,5,697700
1783,3,4.0,32,7,425200
2582,3,4.5,20,4,494600
2647,4,5.0,1,5,563200
3028,5,5.0,17,6,558100
1238,3,2.5,46,9,384700
1779,2,3.5,32,5,413000
2021,3,4.0,36,5,399300
3010,5,5.0,33,8,649300
2104,2,4.0,19,5,483400
2649,4,5.0,34,6,552300
1204,3,3.0,50,8,364300
1647,2,3.5,49,4,313100
2803,3,4.5,53,6,554600
1716,3,3.5,17,9,422800
1826,3,3.5,45,7,426900
2993,5,5.0,23,6,599400
1370,2,2.5,7,5,249500
1469,2,2.0,29,4,321900
1166,1,1.5,43,4,320000
3036,5,5.0,52,9,571000
2507,4,5.0,9,8,557000
2485,3,4.5,22,4,426500
1632,2,3.0,51,6,340000
1140,1,1.0,48,6,224600
1046,2,3.0,10,8,346500
2810,4,5.0,1,6,588500
2179,3,4.5,57,5,446200
2318,4,5.0,25,4,444400
1991,3,4.5,35,6,424200
1414,2,3.0,32,5,337500
1656,2,3.5,46,6,351200
1306,2,3.0,12,5,294500
1256,2,2.5,39,5,296200
2436,4,5.0,24,4,458700
1073,1,2.0,3,7,324500
1309,2,3.0,41,6,361000
1687,3,3.0,18,9,503400
1880,2,2.5,17,3,366600
1162,1,2.0,36,7,324600
1064,3,3.0,29,5,283200
2095,4,4.5,18,10,515000
1954,2,3.0,57,7,445100
2793,4,5.0,22,6,549300
1891,2,3.5,58,5,382700
2165,3,3.5,53,4,439900
1439,2,2.5,15,6,344500
1458,2,2.5,0,3,353500
1198,1,1.5,11,3,273600
1443,2,2.5,23,8,389000
1648,2,2.5,33,2,291100
2697,3,4.0,52,5,507400
1375,2,2.5,56,3,267300
3515,5,5.0,7,5,655000
2228,4,3.5,17,6,470300
2077,4,5.0,56,7,492400
1843,2,3.5,47,8,424900
1731,3,3.5,4,4,432700
1510,3,3.5,25,5,352800
1148,2,2.0,29,10,349900
1390,2,3.5,53,5,332000
3033,5,5.0,12,4,594900
2183,3,4.0,18,4,461700
3024,3,5.0,28,5,562000
1498,3,3.5,2,5,378200
1295,2,2.0,25,5,316400
1837,2,3.0,39,5,351000
1406,2,2.5,58,5,336300
1960,3,3.5,57,4,351300
1078,1,1.5,57,6,240000
931,2,2.0,11,6,287600
2051,5,5.0,1,6,477600
3063,4,5.0,10,2,554500
2081,2,3.0,43,6,431400
2176,3,4.0,27,2,403100
1862,3,3.5,17,5,377800
1920,3,4.0,12,7,452100
1131,3,2.5,36,8,340400
1422,1,2.5,21,6,343700
2687,4,5.0,11,7,553200
1261,1,1.5,1,5,314900
1637,4,3.5,36,4,353800
2668,5,5.0,6,10,627900
1903,2,3.0,25,7,442800
1934,2,2.5,25,3,347200
1641,3,3.5,23,2,312100
2281,3,5.0,11,5,489100
2466,3,4.5,15,8,503400
1399,2,2.5,22,6,370700
1163,1,1.0,39,1,205300
981,1,1.5,59,5,236400
2141,3,4.0,8,5,463600
2061,3,4.0,31,1,380900
3878,6,5.0,14,6,706500
1866,2,3.5,36,3,380900
1759,3,4.5,12,2,346300
1982,3,4.0,4,9,510600
2017,3,4.0,10,3,377100
1715,3,3.5,9,4,390100
1413,2,2.5,51,4,291900
1834,3,4.5,12,6,399300
1811,3,3.5,40,9,454700
1802,2,3.0,52,3,336400
2361,3,4.0,45,5,419300
1823,2,3.0,49,6,333400
1171,1,1.0,14,4,259700
1484,4,4.5,41,5,409000
1708,3,3.5,55,7,406500
1851,2,3.0,6,4,364400
2156,2,3.0,39,5,443300
1855,3,4.5,27,5,434800
936,2,2.0,31,5,293600
1212,2,3.0,34,6,337500
2205,3,3.5,14,7,500700
1693,2,3.0,47,9,434900
1907,3,4.0,35,1,336400
1625,2,2.5,20,5,315100
1482,1,2.0,5,3,289300
1644,2,3.5,0,5,407900
1914,2,2.0,3,7,413700
1818,3,4.0,10,8,451500
2460,6,5.0,43,8,522600
1104,2,2.0,25,8,316200
1149,1,2.5,36,5,282700
1687,3,3.5,22,8,439800
2164,3,3.5,28,9,485200
2318,4,5.0,20,6,486900
1501,3,4.5,47,8,425700
766,3,2.0,44,6,266100
1516,1,1.5,44,8,367100
2063,3,4.5,48,5,464800
1808,2,3.5,26,4,359300
2190,4,5.0,38,3,429600
2655,3,4.0,39,5,509900
1724,2,4.0,12,6,383100
1569,2,3.5,22,4,351000
1353,3,3.5,58,5,324900
1147,2,2.0,15,4,349600
1057,1,1.5,29,3,235800
1455,2,2.5,3,8,418000
2530,3,4.5,39,8,552800
2260,2,4.0,15,8,468800
1546,2,3.0,30,5,308800
3527,5,5.0,52,5,628400
1486,4,5.0,41,3,376300
2741,4,5.0,24,6,556100
2964,3,5.0,43,6,560200
2108,3,4.5,11,10,518400
1450,3,3.0,25,8,358400
1610,4,4.5,36,6,377200
1929,2,3.0,47,5,344400
1157,1,1.0,32,8,285300
1314,3,3.5,27,4,307000
1281,2,3.5,8,8,397100
2161,2,2.5,11,3,383700
2646,4,5.0,4,4,523900
2289,1,3.0,53,2,375600
2496,4,5.0,51,7,533500
1412,2,2.5,53,6,303100
1633,3,3.0,27,4,378900
1673,2,3.0,55,4,300100
2106,3,3.5,34,8,460500
3535,4,5.0,4,5,638700
1467,2,3.0,33,4,340500
2444,3,4.5,45,9,568300
2935,4,5.0,33,4,556900
2141,2,3.5,12,8,514300
1610,3,4.0,38,3,320500
1374,3,3.5,41,5,365100
1281,2,3.0,44,7,364200
939,1,1.5,47,5,180300
1689,1,2.5,57,6,346700
1658,2,3.0,13,4,369500
2393,3,4.5,10,2,427300
1497,4,3.5,41,8,376000
1720,2,3.0,37,5,417800
1992,4,4.5,3,6,466300
2129,4,4.5,52,7,473900
2301,3,4.0,32,6,439400
1927,4,4.0,6,4,402900
1177,2,3.5,55,8,319300
2068,3,4.5,40,7,488100
1463,2,3.5,7,6,382700
2689,5,5.0,36,6,530400
1829,3,4.0,50,9,465500
1965,2,2.5,9,4,381000
3998,5,5.0,42,6,704600
2314,3,4.0,56,4,437400
2056,2,3.5,14,2,388200
1736,2,3.0,37,2,329300
1206,3,3.5,14,3,309200
1696,2,3.0,4,4,394900
1368,2,3.5,28,10,424200
3061,4,5.0,18,7,596900
2065,4,5.0,53,7,465900
2655,2,4.0,50,4,498400
1484,2,2.5,9,6,362400
1399,2,3.0,11,10,405000
2239,4,5.0,53,3,413400
1351,2,2.5,3,6,353400
1572,1,1.5,30,9,363300
3113,5,5.0,17,7,652200
1592,2,3.5,15,9,400600
1129,1,1.5,39,6,318900
1006,1,2.0,35,7,283100
1089,1,1.5,24,6,257800
2709,3,4.0,22,7,545800
1513,1,2.5,11,4,300200
3950,6,5.0,33,7,721400
2947,5,5.0,35,6,561700
3377,5,5.0,36,6,650900
2518,3,4.5,2,9,567600
2199,3,4.0,8,5,427200
1383,2,3.0,52,8,347000
1815,3,4.0,17,8,468900
2273,4,5.0,42,7,530900
2465,3,4.0,34,4,459700
1240,2,2.5,56,6,280700
1705,3,4.0,54,9,461000
1768,4,5.0,33,2,385200
1745,3,3.0,40,5,407100
1290,2,2.5,13,8,371600
3231,5,5.0,3,5,598200
1686,3,3.5,28,7,422200
1319,2,3.5,40,8,374400
3260,4,5.0,44,6,586800
2948,5,5.0,49,7,589200
1902,3,4.0,14,6,428400
1003,1,1.0,27,6,285400
1557,2,2.5,41,10,424600
1064,2,2.5,15,5,264900
2145,3,4.0,11,5,420100
1523,2,2.5,51,8,371000
1800,3,4.0,4,4,396800
3155,6,5.0,33,4,599100
1488,3,3.5,41,4,346900
2114,3,4.0,0,5,487100
2323,4,5.0,38,5,465100
2679,3,4.5,31,7,525900
1758,3,4.0,25,5,371500
1699,4,4.0,16,7,449600
1686,2,3.0,47,7,386400
2047,2,3.0,58,4,332300
2904,4,5.0,26,7,587500
1661,2,2.5,23,7,395500
808,1,1.0,34,2,176400
2411,3,4.5,45,6,492200
1857,2,3.0,41,4,333800
2146,3,4.5,53,8,520000
1075,2,2.0,38,4,269500
1525,2,3.0,25,3,273200
2344,4,5.0,48,5,474100
1194,2,2.5,37,4,290900
2113,4,4.5,22,7,455700
1796,2,3.0,21,4,380400
1423,3,3.5,3,5,402300
1387,1,2.0,48,9,343300
1294,2,1.5,58,8,341000
1854,3,4.0,8,6,435700
1924,3,4.5,3,5,456600
1609,1,2.0,6,6,359400
1270,1,1.5,22,7,295700
2093,3,4.0,1,4,455300
2426,3,4.5,48,7,474900
2218,3,4.5,23,3,472900
3428,4,5.0,39,7,652900
1711,3,4.0,54,3,330300
2803,3,5.0,30,9,618100
1466,2,2.5,46,7,353700
1392,2,3.0,30,2,278500
1891,2,3.5,46,5,369900
3020,5,5.0,39,4,505900
1650,3,3.0,47,4,359600
1075,1,2.0,50,6,235300
2410,3,4.0,42,4,430400
1771,1,2.5,33,7,399800
2002,3,4.0,54,7,427700
1415,1,2.0,23,6,334200
1885,3,4.5,48,5,374900
1122,1,1.5,59,7,277400
3250,5,5.0,25,7,636600
2562,3,4.0,15,6,488200
1857,2,3.0,56,3,384000
2387,4,5.0,46,4,449500
1467,2,3.0,12,5,381500
2522,4,5.0,14,3,478400
1627,3,4.5,26,6,361000
1590,1,2.0,3,8,362900
1321,2,3.0,15,8,377400
2084,3,4.0,29,7,488400
1831,2,3.0,43,7,449500
2834,4,5.0,29,10,620800
1274,2,3.0,35,7,312900
2087,3,4.5,2,7,489400
2647,4,5.0,21,3,473500
3984,6,5.0,48,8,741900
1936,4,4.5,21,6,424300
1617,1,2.0,49,5,274300
1919,3,4.0,56,5,432200
2754,5,5.0,49,4,510300
2754,4,5.0,54,8,566700
1748,3,4.5,59,5,408200
2737,5,5.0,48,4,561400
1803,3,3.5,11,4,404900
2378,4,5.0,54,6,492900
2168,4,5.0,20,5,478700
1596,2,2.5,55,4,312700
1336,2,3.0,3,3,306700
2671,4,5.0,30,7,556100
2929,5,5.0,43,5,535300
2071,2,2.5,30,3,375000
1802,4,4.0,57,5,401900
1224,2,2.5,22,7,349800
2648,3,3.5,53,6,508200
1992,3,4.5,52,6,397600
1668,1,2.0,19,6,393400
2401,4,5.0,14,3,496800
1157,2,3.5,22,7,338400
1301,1,2.0,27,2,266000
1450,2,2.5,15,6,347100
2145,4,5.0,36,7,505200
1926,2,4.0,20,5,389800
2229,2,2.5,14,6,480000
2585,5,5.0,16,5,544800
2256,5,5.0,49,6,504400
3275,5,5.0,36,7,627400
2583,4,5.0,12,4,470600
1746,3,4.0,18,7,449600
1521,2,2.5,29,9,364500
1763,2,2.0,44,6,392000
2282,4,5.0,17,4,448000
1573,3,3.0,13,10,402600
2303,4,4.0,35,6,478900
2215,3,4.0,35,6,489900
1330,3,3.5,19,6,332000
2566,3,4.5,51,6,540400
2047,3,4.0,18,5,450100
3216,5,5.0,44,6,607800
1805,4,4.5,43,7,425200
1644,3,3.0,6,5,370100
1278,2,2.5,56,5,307100
1271,2,3.0,43,5,329200
2461,4,5.0,52,3,441500
3098,5,5.0,3,4,560100
1755,1,2.0,58,4,318300
1719,2,3.0,33,5,401600
1859,3,3.0,1,7,407200
2627,3,4.5,4,8,589800
1333,2,3.0,54,6,326000
1963,3,3.5,9,6,395700
2480,5,5.0,31,6,510600
2136,4,5.0,41,1,408100
740,1,2.0,40,3,240800
2260,3,4.0,12,7,459000
